"category","subcategory","ID","Description","GeneRatio","BgRatio","RichFactor","FoldEnrichment","zScore","pvalue","p.adjust","qvalue","geneID","Count"
"Organismal Systems","Immune system","hsa04610","Complement and coagulation cascades","34/1157","88/9378",0.386363636363636,3.13164924962678,7.53677478961194,2.75389895052692e-10,9.50095137931788e-08,7.45002137142546e-08,"7450/2/1675/1361/11326/5648/5627/2161/966/730/7056/7035/728/722/1191/2157/717/710/1604/3684/5265/5270/3075/718/727/713/732/729/712/5328/2162/2244/2266/3053",34
"Cellular Processes","Cell motility","hsa04820","Cytoskeleton in muscle cells","62/1157","233/9378",0.266094420600858,2.15681372203531,6.70788873905445,1.71712391437938e-09,2.96203875230443e-07,2.32263603155526e-07,"6711/7134/2273/8516/3672/131873/1301/23345/1832/825/1674/477/10529/7111/171024/6445/25802/4628/23500/64236/1730/4629/7273/1285/1277/1829/1756/1286/2192/256076/3680/1278/7058/1634/4000/3908/1290/1281/84823/22801/11155/287/10398/1289/6385/6382/6383/3728/4001/27295/2026/72/6444/7057/2274/7138/2006/3691/1824/5318/2201/1311",62
"Cellular Processes","Cell growth and death","hsa04110","Cell cycle","47/1157","158/9378",0.29746835443038,2.41111342078488,6.71059947730135,3.57971147321174e-09,4.1166681941935e-07,3.22802052145761e-07,"9133/991/4173/891/4085/701/5347/9212/113130/7272/4171/983/890/699/990/9319/9232/8318/1111/10403/896/9700/995/23594/898/81620/4176/4998/1019/7029/90381/9184/993/5111/10926/4175/9134/1029/1663/4616/5591/11200/6502/26271/1030/1028/8317",47
"Environmental Information Processing","Signaling molecules and interaction","hsa04512","ECM-receptor interaction","30/1157","89/9378",0.337078651685393,2.73217251124081,6.15939388502525,1.17832528036769e-07,7.71426625179611e-06,6.049020371355e-06,"8516/3672/948/7450/131873/6696/961/3161/255743/3913/1285/1277/1286/256076/3680/1278/7058/3908/3910/10319/22801/6385/6382/80144/9900/7057/341640/3691/7143/1311",30
"Environmental Information Processing","Signaling molecules and interaction","hsa04518","Integrin signaling","43/1157","154/9378",0.279220779220779,2.26320870141095,5.9294189256896,1.25913158749382e-07,7.71426625179611e-06,6.049020371355e-06,"8516/3672/7450/131873/6696/896/9459/55679/3384/255743/10979/3082/55612/3913/1285/1277/5295/3791/5747/1286/256076/3680/1278/7058/2317/3908/3684/3910/10319/22801/3383/3386/80144/718/7057/341640/5228/3691/7422/2244/7143/2266/1311",43
"Human Diseases","Infectious disease: parasitic","hsa05144","Malaria","21/1157","50/9378",0.42,3.40428694900605,6.3945994477515,1.3416115220515e-07,7.71426625179611e-06,6.049020371355e-06,"948/5175/3043/6403/3082/7099/2995/2532/7058/7097/6347/3383/6382/6383/3569/6401/1440/7057/3553/3820/1311",21
"Organismal Systems","Immune system","hsa04640","Hematopoietic cell lineage","31/1157","100/9378",0.31,2.51268798617113,5.7050372841912,6.07733620837164e-07,2.99525855984031e-05,2.34868482037821e-05,"3672/948/3590/966/3570/947/3563/3554/1441/100133941/1604/945/3575/3684/4311/1435/4254/3108/3115/911/290/3569/3113/3111/1440/3122/3553/951/3574/3119/3117",31
"Environmental Information Processing","Signaling molecules and interaction","hsa04514","Cell adhesion molecule (CAM) interaction","42/1157","160/9378",0.2625,2.12767934312878,5.39713868556717,1.09315915319784e-06,4.71424884816568e-05,3.6966039785769e-05,"51208/58494/1003/8516/90952/5175/5797/3133/6403/3384/22854/947/257194/7122/6404/3680/3684/23114/23705/3108/3383/100506658/6385/1001/3115/6382/6383/3113/6401/3111/5789/26047/3122/5788/6614/9071/29126/79679/5010/1000/3119/3117",42
"Human Diseases","Immune disease","hsa05323","Rheumatoid arthritis","29/1157","95/9378",0.305263157894737,2.47429377246054,5.41798716459661,1.98149432128779e-06,7.59572823160319e-05,5.95607064995277e-05,"7010/284/8741/7099/23545/2920/2353/54/2921/7097/4312/1435/6347/3108/3383/3115/6387/3569/3113/3111/3725/3122/3553/4314/7422/3119/6374/2919/3117",29
"Human Diseases","Infectious disease: parasitic","hsa05140","Leishmaniasis","25/1157","78/9378",0.320512820512821,2.59789907585932,5.31607973246306,3.76667870978271e-06,0.000129950415487504,0.000101898571412017,"7099/4688/1915/2353/5579/3684/65108/7097/3108/4689/3115/4792/3113/3111/3725/2215/3122/718/3553/1536/5743/1917/6772/3119/3117",25
"Cellular Processes","Cellular community - eukaryotes","hsa04510","Focal adhesion","47/1157","203/9378",0.231527093596059,1.87663015016754,4.73693798692355,1.11211205502587e-05,0.000335703435902622,0.000263236561485809,"857/8516/3672/2013/7450/5906/131873/6696/858/8395/2012/5923/896/53358/2534/5728/3082/3913/1285/1277/4660/5295/3791/5747/1286/256076/3680/5579/1278/7058/2317/3908/3910/10319/5058/22801/5062/10398/330/3725/7057/5228/394/3691/7422/7143/1311",47
"Human Diseases","Infectious disease: parasitic","hsa05146","Amoebiasis","29/1157","103/9378",0.281553398058252,2.28211561537622,4.90823283265919,1.16766412487868e-05,0.000335703435902622,0.000263236561485809,"2776/7099/3913/1285/1277/5295/2920/3554/5747/1286/5579/1278/3908/3684/3910/1281/2921/7097/10319/911/3569/3553/732/2778/384/5275/6318/6317/2919",29
"Human Diseases","Infectious disease: bacterial","hsa05150","Staphylococcus aureus infection","28/1157","99/9378",0.282828282828283,2.2924491239098,4.84972127973131,1.49949385933906e-05,0.000397942601132289,0.000312040422550719,"1675/6403/5648/728/717/6404/3684/3108/3383/3115/2357/3113/3111/2215/3122/3075/718/727/3868/3866/2358/713/712/3861/3119/2266/3860/3117",28
"Human Diseases","Endocrine and metabolic disease","hsa04933","AGE-RAGE signaling pathway in diabetic complications","28/1157","101/9378",0.277227722772277,2.24705409175317,4.72692284549174,2.25382708211995e-05,0.000555407388093845,0.000435513954966035,"177/7048/5581/185/7056/51196/1019/1285/1277/5295/5590/1286/5579/1278/1281/4772/1906/6347/3383/5336/50507/3569/6401/3725/3553/1536/7422/6772",28
"Cellular Processes","Cell growth and death","hsa04115","p53 signaling pathway","22/1157","75/9378",0.293333333333333,2.37759723422645,4.49342706440123,6.60699226700287e-05,0.00151960822141066,0.00119157685096122,"9133/891/6241/983/51512/1111/896/898/5728/1019/355/3486/27244/9134/64065/1029/4616/11200/5268/5366/143686/7057",22
"Cellular Processes","Transport and catabolism","hsa04145","Phagosome","36/1157","155/9378",0.232258064516129,1.88255499484206,4.15630907376417,0.000108036255846526,0.00232953176669071,0.0018266656416156,"23673/948/8685/3133/4360/6441/4973/81035/4481/7099/4688/23545/203068/3920/7058/3684/7097/5289/81027/64581/3108/4689/1781/3115/347733/3113/3111/2215/3122/718/7057/1536/1780/3119/1311/3117",36
"Environmental Information Processing","Signaling molecules and interaction","hsa04061","Viral protein interaction with cytokine and cytokine receptor","26/1157","100/9378",0.26,2.10741573033708,4.17657050788404,0.000141149815495061,0.00258602095906482,0.0020277876017686,"51554/5473/1524/3570/3572/6368/2920/3579/8809/8807/2921/10563/1435/6347/6376/6387/1230/5196/3569/53832/8743/53833/9547/6374/2919/4283",26
"Environmental Information Processing","Signaling molecules and interaction","hsa04517","IgSF CAM signaling","59/1157","299/9378",0.197324414715719,1.59940221365948,3.95158421564612,0.000141855034616499,0.00258602095906482,0.0020277876017686,"58494/6586/54538/6711/342035/10580/5906/90952/9353/4008/9693/10096/5376/3384/4628/2534/5588/57513/6092/4629/3937/2037/9046/117178/5295/9223/7082/91768/4916/3791/5747/5362/4690/203068/5579/7225/3684/84612/9863/5058/81027/5062/287/23114/23705/3383/10398/56253/5336/347733/5789/8829/26047/23136/1000/5803/2244/57823/2266",59
"Cellular Processes","Transport and catabolism","hsa04148","Efferocytosis","36/1157","157/9378",0.229299363057325,1.85857340255107,4.06981397803993,0.000142418545571686,0.00258602095906482,0.0020277876017686,"177/1901/948/5175/6513/240/961/1524/488/5627/817/5468/2621/5734/1788/10326/10396/23200/5747/100133941/4772/834/5732/51761/6376/64805/7057/6566/713/23250/5743/4773/9023/712/384/1846",36
"Human Diseases","Infectious disease: viral","hsa05166","Human T-cell leukemia virus 1 infection","47/1157","224/9378",0.209821428571429,1.70069607358933,3.98184685217257,0.000151413631042977,0.00261188513549135,0.00204806858831816,"9133/991/4085/7048/4215/701/6513/890/3133/115/9232/1111/8850/896/9700/898/7538/2114/5728/1019/6929/9184/5295/9134/3554/1029/11200/2353/9586/4772/5902/3108/3383/1030/3115/3569/4792/3113/3111/8829/3725/1959/3122/1739/4773/3119/3117",47
"Organismal Systems","Development and regeneration","hsa04380","Osteoclast differentiation","33/1157","142/9378",0.232394366197183,1.88365978063715,3.98037153856619,0.000203644565424722,0.00295162949799245,0.00231447377874618,"7048/488/126014/5468/2534/1540/11027/3937/4688/2354/4286/3708/10326/7305/5295/695/3554/9846/2353/9021/54/4772/1435/10288/4689/5336/4792/3725/2215/2274/3553/4773/6772",33
"Human Diseases","Cardiovascular disease","hsa05418","Fluid shear stress and atherosclerosis","33/1157","142/9378",0.232394366197183,1.88365978063715,3.98037153856619,0.000203644565424722,0.00295162949799245,0.00231447377874618,"1003/857/5175/858/659/10365/1843/7056/2949/4688/5295/5590/3791/3554/5747/2353/2947/4208/1906/4318/6347/3383/1728/6385/6382/6383/6401/3725/810/3553/3162/7422/2952",33
"Environmental Information Processing","Signal transduction","hsa04668","TNF signaling pathway","29/1157","119/9378",0.243697478991597,1.97527654103993,4.01657175567943,0.000205227552524107,0.00295162949799245,0.00231447377874618,"8837/1540/83737/355/5295/2920/8809/1326/2353/9586/9021/2921/1906/1435/4318/6347/3383/6376/3659/3569/4792/330/6401/3725/3553/4314/5743/6374/2919",29
"Environmental Information Processing","Signal transduction","hsa04151","PI3K-Akt signaling pathway","68/1157","362/9378",0.187845303867403,1.52256980092352,3.80389005198721,0.000212095493358178,0.00295162949799245,0.00231447377874618,"7010/8516/3672/7450/131873/284/6696/2066/2247/896/9470/898/3570/5728/1945/3082/1019/2264/7099/23533/1978/3913/1285/2791/1277/5295/672/9223/2690/3563/9134/3791/1441/5747/1286/256076/3680/1278/9586/7058/3575/54331/3908/3910/9863/7097/8817/10319/3164/22801/1435/4254/5522/9048/3569/2786/1440/54541/7057/5228/374/3574/3691/7422/2263/7039/7143/1311",68
"Genetic Information Processing","Replication and repair","hsa03030","DNA replication","13/1157","36/9378",0.361111111111111,2.92696629213483,4.34551996938305,0.000213886195506699,0.00295162949799245,0.00231447377874618,"4173/4171/5984/10535/5427/2237/4176/5111/4175/5985/6119/5557/5983",13
"Organismal Systems","Development and regeneration","hsa04382","Cornified envelope formation","45/1157","217/9378",0.207373271889401,1.68085267396612,3.80669328642978,0.000274164205718491,0.00363794811434151,0.00285263971132195,"51208/1832/667/6275/7122/1285/1829/6281/7082/1286/55304/84283/11187/23254/5522/100506658/6274/3728/1294/3854/3853/5317/26154/6283/6273/6698/144501/6785/3868/3851/3866/1308/6699/9071/1830/3691/3861/5318/6707/6701/5010/3852/6279/6278/3860",45
"Organismal Systems","Endocrine system","hsa04924","Renin secretion","19/1157","69/9378",0.27536231884058,2.23193416256435,3.85298077755945,0.000497958244622118,0.00619631247967855,0.00485874083074718,"2776/154/4881/5137/153/185/358/1636/2977/5734/3708/5140/1909/1906/5732/776/810/2778/9635",19
"Human Diseases","Infectious disease: viral","hsa05164","Influenza A","37/1157","173/9378",0.213872832369942,1.7335345047237,3.65315429878953,0.000502889128785506,0.00619631247967855,0.00485874083074718,"7098/3838/7113/896/8766/1019/7099/56649/90865/355/5295/56000/5579/9021/4261/834/6347/3108/3383/7177/64499/3115/3569/4792/3113/3111/3836/114548/51284/3122/3553/8743/9407/6772/91543/3119/3117",37
"Human Diseases","Infectious disease: viral","hsa05171","Coronavirus disease - COVID-19","47/1157","239/9378",0.196652719665272,1.59395782629293,3.48932590250416,0.000707577855206507,0.00841773655331879,0.00660063552769773,"7450/7098/1675/185/6403/7113/5648/730/1839/3570/1636/728/7099/717/3572/5295/116832/2353/5579/7097/4312/834/51311/6347/200916/5336/3569/4792/8829/3725/114548/51284/1440/718/727/713/3553/732/1536/4314/729/712/2162/6772/2244/2266/6192",47
"Organismal Systems","Immune system","hsa04062","Chemokine signaling pathway","39/1157","193/9378",0.202072538860104,1.63788787331897,3.35907525418814,0.00114800949331046,0.0132021091730702,0.0103522259572206,"2776/2869/5906/2268/115/5473/1524/408/57580/53358/23533/2791/58191/6368/5295/2920/5590/3579/5747/3055/5579/54331/2921/10563/5058/6347/6376/6387/5336/1230/5196/4792/1794/2786/6772/9547/6374/2919/4283",39
"Environmental Information Processing","Signaling molecules and interaction","hsa04060","Cytokine-cytokine receptor interaction","55/1157","298/9378",0.184563758389262,1.49597141415255,3.26406025533034,0.00127345095432935,0.0141722767497944,0.0111129675810745,"94/2662/7048/51554/659/5473/1524/3590/653/9173/8741/3977/3570/90865/3572/58191/355/6368/2920/650/2690/3563/3579/8809/3554/1441/8807/53342/3575/2921/10563/1435/27242/6347/6376/1439/6387/1230/5196/3569/7292/1440/53832/284340/3553/3574/55504/8743/130399/53833/9547/6374/2919/608/4283",55
"Human Diseases","Cancer: overview","hsa05205","Proteoglycans in cancer","40/1157","204/9378",0.196078431372549,1.58930296405511,3.19235113652035,0.00180982776365615,0.0190680363094779,0.0149519003250521,"857/858/2066/2247/817/51196/1839/7078/3082/7099/2017/3708/2549/1277/4660/355/5295/8322/3791/5747/5579/1278/6237/1634/7097/5058/287/4318/7291/6385/6382/6383/5336/7855/2719/3236/7057/7422/5328/11211",40
"Organismal Systems","Immune system","hsa04625","C-type lectin receptor signaling pathway","24/1157","105/9378",0.228571428571429,1.8526731695271,3.29612315839313,0.00182389912525441,0.0190680363094779,0.0149519003250521,"1540/3708/5295/6237/53342/1263/4772/5058/834/64581/3659/5336/3569/4792/2207/3725/114548/1959/810/3553/5743/4773/1960/6772",24
"Human Diseases","Immune disease","hsa05321","Inflammatory bowel disease","17/1157","66/9378",0.257575757575758,2.08776616641785,3.32676668728486,0.00215205586875664,0.0218370374917953,0.0171231689867015,"7099/6095/8809/8807/7097/4772/3108/3115/3569/3113/3111/3725/3122/3553/6772/3119/3117",17
"Cellular Processes","Cell motility","hsa04814","Motor proteins","38/1157","194/9378",0.195876288659794,1.58766450739114,3.10277799430253,0.00236870293879303,0.0233486432538171,0.0183084708351823,"7134/24137/11004/9928/146909/56992/127602/3833/3832/1062/10112/57519/4649/9493/4628/7283/80179/4629/4542/55083/203068/84516/7802/3796/81027/55930/4645/81930/10398/147700/1781/347733/72/7138/547/1780/83657/201625",38
"Human Diseases","Infectious disease: bacterial","hsa05133","Pertussis","19/1157","78/9378",0.243589743589744,1.97440329765308,3.24176019634595,0.00244994289946068,0.0234786194531648,0.0184103896246022,"1073/722/7099/717/710/2353/3684/834/3659/3569/3725/114548/718/727/810/713/3553/712/6374",19
"Human Diseases","Infectious disease: bacterial","hsa05134","Legionellosis","15/1157","56/9378",0.267857142857143,2.17110137053957,3.29738962261449,0.00254717914406938,0.0237507244514578,0.0186237564729966,"58484/7099/1915/2920/3684/2921/7097/664/834/3569/4792/718/3553/1917/2919",15
"Organismal Systems","Digestive system","hsa04974","Protein digestion and absorption","23/1157","103/9378",0.223300970873786,1.80995376391907,3.10068889991402,0.00308896056671229,0.028044510408309,0.0219906610982011,"131873/1301/477/1361/6505/1300/1305/1285/1277/9056/1286/256076/1278/1290/1281/4311/1359/1289/1303/81578/1294/1308/2006",23
"Organismal Systems","Circulatory system","hsa04270","Vascular smooth muscle contraction","28/1157","134/9378",0.208955223880597,1.69367509900799,3.03399491786764,0.00328904031353377,0.0280787216038262,0.0220174872682939,"2776/10268/5319/4881/10203/5581/185/94274/115/4628/5588/2977/4629/10266/5592/3708/4660/5583/5322/5579/1909/8605/1906/10398/776/72/810/2778",28
"Metabolism","Amino acid metabolism","hsa00340","Histidine metabolism","8/1157","22/9378",0.363636363636364,2.94743458788403,3.43056321396519,0.00339794870229181,0.0280787216038262,0.0220174872682939,"443/217/4129/4128/3067/221/3176/26",8
"Human Diseases","Cardiovascular disease","hsa05412","Arrhythmogenic right ventricular cardiomyopathy","20/1157","86/9378",0.232558139534884,1.88498723643746,3.09291472106157,0.00342080803478168,0.0280787216038262,0.0220174872682939,"8516/3672/9254/1832/1674/6445/488/1829/1756/3680/4000/3908/22801/776/3728/6444/3691/1824/5318/1000",20
"Organismal Systems","Immune system","hsa04670","Leukocyte transendothelial migration","25/1157","116/9378",0.21551724137931,1.74686317169851,3.03636491326131,0.00346661618498296,0.0280787216038262,0.0220174872682939,"51208/58494/1003/5906/90952/5175/4688/7122/5295/5747/11069/5579/3684/4318/3383/10398/100506658/4689/6387/5336/7070/1536/394/9071/5010",25
"Environmental Information Processing","Signal transduction","hsa04066","HIF-1 signaling pathway","24/1157","110/9378",0.218181818181818,1.76846075273042,3.04131451916247,0.00349966675062182,0.0280787216038262,0.0220174872682939,"7010/2597/2034/284/6513/9470/817/112399/3570/7099/1978/5295/5163/3101/5214/5579/1906/5336/3569/2026/1536/3162/7422/7018",24
"Cellular Processes","Cell growth and death","hsa04216","Ferroptosis","12/1157","42/9378",0.285714285714286,2.31584146190888,3.20615197016153,0.00376210674296769,0.0294983369619058,0.0231306562904951,"64116/2182/2729/2180/23657/51703/2730/23516/1536/1356/3162/7018",12
"Human Diseases","Immune disease","hsa05310","Asthma","10/1157","32/9378",0.3125,2.53295159896284,3.25856851506146,0.00391872265169866,0.0300435403296897,0.0235581689236621,"2206/2205/3108/3115/3113/2207/3111/3122/3119/3117",10
"Human Diseases","Cardiovascular disease","hsa05416","Viral myocarditis","17/1157","70/9378",0.242857142857143,1.96846524262255,3.05099281547098,0.00418469777719153,0.0313852333289365,0.0246102363555657,"857/3133/6445/2534/1756/1604/3908/3108/3383/3115/3113/3111/5551/6444/3122/3119/3117",17
"Metabolism","Metabolism of other amino acids","hsa00480","Glutathione metabolism","15/1157","59/9378",0.254237288135593,2.06070638559688,3.06600491487729,0.00438534416234011,0.0321902922554752,0.0252415106320584,"6241/2878/79017/27306/2949/3418/2729/2947/6240/2877/493869/290/494143/2730/2952",15
"Organismal Systems","Immune system","hsa04657","IL-17 signaling pathway","21/1157","94/9378",0.223404255319149,1.81079093032237,2.96374992655588,0.00455091679468332,0.0327097144617864,0.0256488073735442,"29761/2354/2920/2353/53342/2921/4312/4318/6347/3569/4792/3725/1440/3553/4314/5743/4322/6279/6374/6278/2919",21
"Cellular Processes","Cellular community - eukaryotes","hsa04530","Tight junction","33/1157","170/9378",0.194117647058824,1.57340993441456,2.83037077740639,0.00511143888818368,0.0359887023759871,0.0282199740980281,"51208/58494/5906/5581/11346/9693/10096/51762/4628/1019/4629/23327/91862/7122/2017/5111/1080/9223/7082/5590/154810/84612/5522/51421/10398/100506658/911/776/3725/1739/9071/5010/57530",33
"Organismal Systems","Development and regeneration","hsa04360","Axon guidance","35/1157","184/9378",0.190217391304348,1.54179662545564,2.78438490662759,0.00560396319258583,0.0384616364179676,0.0301590863750348,"6586/9353/59277/1808/9037/659/56920/1073/817/2534/6092/22854/1945/22885/5295/5590/5747/5362/4690/6237/7225/57556/3983/84612/5058/5062/10398/25791/80031/6387/5336/8829/10509/4773/27289",35
"Human Diseases","Endocrine and metabolic disease","hsa04940","Type I diabetes mellitus","12/1157","44/9378",0.272727272727273,2.21057594091302,3.01940098092189,0.0056856332096126,0.0384616364179676,0.0301590863750348,"3133/355/3108/3115/3113/3111/5551/5799/3122/3553/3119/3117",12
"Environmental Information Processing","Signal transduction","hsa04015","Rap1 signaling pathway","39/1157","212/9378",0.183962264150943,1.49109603561586,2.71319336084763,0.00643667703113028,0.0427048764565375,0.0334863562145847,"7010/9732/2776/5906/284/9693/115/2247/51196/64411/1945/3082/2264/1268/5217/3937/260425/5295/9223/5590/3791/9771/11069/5579/6237/3684/84612/9863/8817/1435/4254/2357/5587/7057/5228/810/2778/7422/2263",39
"Human Diseases","Immune disease","hsa05332","Graft-versus-host disease","12/1157","45/9378",0.266666666666667,2.16145203111495,2.92976789194609,0.0069030652730877,0.0449350475323633,0.0352351097355221,"3133/355/3108/3115/3569/3113/3111/5551/3122/3553/3119/3117",12
"Human Diseases","Infectious disease: bacterial","hsa05130","Pathogenic Escherichia coli infection","37/1157","200/9378",0.185,1.499507346586,2.67866969656402,0.0071344121683437,0.0455809666310848,0.0357415970226965,"51208/2597/10096/4628/2534/7099/4629/7122/2017/4542/355/55971/7082/3554/4690/203068/10810/2353/8936/5058/81027/55930/5062/834/3071/4645/100506658/3569/347733/4792/837/3725/114548/3553/9071/8743/5010",37
